-- 项目数据库初始化
-- 删除数据库
DROP
    DATABASE IF EXISTS reedsource;
-- 创建数据库
create schema reedsource collate utf8mb4_bin;
-- 切换到数据库
USE
    reedsource;

DROP TABLE IF EXISTS 员工表;
DROP TABLE IF EXISTS 部门表;
DROP TABLE IF EXISTS 工资级别表;

CREATE TABLE 部门表
(
    部门编号 int(2) not null,
    部门名称 VARCHAR(14),
    部门位置 VARCHAR(13),
    primary key (部门编号)
);
CREATE TABLE 员工表
(
    员工编号 int(4) not null,
    员工姓名 VARCHAR(10),
    工作     VARCHAR(9),
    领导编号 INT(4),
    受雇日期 DATE DEFAULT NULL,
    月薪     DOUBLE(7, 2),
    津贴     DOUBLE(7, 2),
    部门编号 INT(2),
    primary key (员工编号)
);

CREATE TABLE 工资级别表
(
    等级     INT,
    最低工资 INT,
    最高工资 INT
);

INSERT INTO 部门表 (部门编号, 部门名称, 部门位置)
VALUES (10, '会计', '纽约');
INSERT INTO 部门表 (部门编号, 部门名称, 部门位置)
VALUES (20, '研究', '大连');
INSERT INTO 部门表 (部门编号, 部门名称, 部门位置)
VALUES (30, '销售部', '上海');
INSERT INTO 部门表 (部门编号, 部门名称, 部门位置)
VALUES (40, '运营', '武汉');
commit;

INSERT INTO 员工表 (员工编号, 员工姓名, 工作, 领导编号, 受雇日期, 月薪, 津贴, 部门编号)
VALUES (0001, '赵一', '职员', 2004, '1980-12-17', 800, NULL, null);
INSERT INTO 员工表 (员工编号, 员工姓名, 工作, 领导编号, 受雇日期, 月薪, 津贴, 部门编号)
VALUES (3001, '钱二', '销售经理', 3004, '1981-02-20', 1600, 300, 30);
INSERT INTO 员工表 (员工编号, 员工姓名, 工作, 领导编号, 受雇日期, 月薪, 津贴, 部门编号)
VALUES (3002, '孙三', '销售经理', 3004, '1981-02-22', 1250, 500, 30);
INSERT INTO 员工表 (员工编号, 员工姓名, 工作, 领导编号, 受雇日期, 月薪, 津贴, 部门编号)
VALUES (2001, '李四', '经理', 1002, '1981-04-02', 2975, NULL, 20);
INSERT INTO 员工表 (员工编号, 员工姓名, 工作, 领导编号, 受雇日期, 月薪, 津贴, 部门编号)
VALUES (3003, '周五', '销售经理', 3004, '1981-09-28', 1250, 1400, 30);
INSERT INTO 员工表 (员工编号, 员工姓名, 工作, 领导编号, 受雇日期, 月薪, 津贴, 部门编号)
VALUES (3004, '吴六', '经理', 1002, '1981-05-01', 2850, NULL, 30);
INSERT INTO 员工表 (员工编号, 员工姓名, 工作, 领导编号, 受雇日期, 月薪, 津贴, 部门编号)
VALUES (1001, '郑七', '经理', 1002, '1981-06-09', 2450, NULL, 10);
INSERT INTO 员工表 (员工编号, 员工姓名, 工作, 领导编号, 受雇日期, 月薪, 津贴, 部门编号)
VALUES (2002, '王八', '程序分析员', 2001, '1987-04-19', 3000, NULL, 20);
INSERT INTO 员工表 (员工编号, 员工姓名, 工作, 领导编号, 受雇日期, 月薪, 津贴, 部门编号)
VALUES (1002, '冯九', '董事长', NULL, '1981-11-17', 5000, NULL, 10);
INSERT INTO 员工表 (员工编号, 员工姓名, 工作, 领导编号, 受雇日期, 月薪, 津贴, 部门编号)
VALUES (3005, '陈十', '销售经理', 3004, '1981-09-08', 1500, 0, 30);
INSERT INTO 员工表 (员工编号, 员工姓名, 工作, 领导编号, 受雇日期, 月薪, 津贴, 部门编号)
VALUES (2003, '褚十一', '职员', 2002, '1987-05-23', 1100, NULL, 20);
INSERT INTO 员工表 (员工编号, 员工姓名, 工作, 领导编号, 受雇日期, 月薪, 津贴, 部门编号)
VALUES (3006, '卫十二', '职员', 3004, '1981-12-03', 950, NULL, 30);
INSERT INTO 员工表 (员工编号, 员工姓名, 工作, 领导编号, 受雇日期, 月薪, 津贴, 部门编号)
VALUES (2004, '蒋十三', '程序分析员', 2001, '1981-12-03', 3200, NULL, 20);
INSERT INTO 员工表 (员工编号, 员工姓名, 工作, 领导编号, 受雇日期, 月薪, 津贴, 部门编号)
VALUES (1003, '沈十四', '职员', 1001, '1982-01-23', 1450, NULL, 10);
INSERT INTO 员工表 (员工编号, 员工姓名, 工作, 领导编号, 受雇日期, 月薪, 津贴, 部门编号)
VALUES (1004, 'DXX', '职员', 1001, '1982-01-23', 1300, NULL, 10);
INSERT INTO 员工表 (员工编号, 员工姓名, 工作, 领导编号, 受雇日期, 月薪, 津贴, 部门编号)
VALUES (1005, 'dxx', '职员', 1001, '1982-01-23', 1400, NULL, 10);
commit;

INSERT INTO 工资级别表 (等级, 最低工资, 最高工资)
VALUES (1, 700, 1200);
INSERT INTO 工资级别表 (等级, 最低工资, 最高工资)
VALUES (2, 1201, 1400);
INSERT INTO 工资级别表 (等级, 最低工资, 最高工资)
VALUES (3, 1401, 2000);
INSERT INTO 工资级别表 (等级, 最低工资, 最高工资)
VALUES (4, 2001, 3000);
INSERT INTO 工资级别表 (等级, 最低工资, 最高工资)
VALUES (5, 3001, 9999);
commit;

-- 联表数据

